Nutribullet,Kitchen & Dining,99.99,102
Iphone 8,Electronics,899.99,10
Abear Diaper Bag Backpack Waterproof Large Capacity,Baby,34.69,25
InnoGear 500ml Aromatherapy Diffuser,Beauty & Health,27.99,56
"Black & Decker GCO1200C 12-Volt Cordless Drill with Over Molds, Orange and Black",Home Improvement,39.99,12
Dolce Vita Womens Berlyn Sandals,Women : Shoes,52.99,2
K-Cups Mocha Caramel 16-pk,Grocery,32.99,17
Stevia 400 packets,Grocery,14.99,5
Nike Running-Pro,Men : Shoes,99.99,74
Water 16oz - 48pk,Grocery,9.99,10
Samsung Galaxy 9,Electronics,899.99,8
Mac Perm-Lipstick,Beauty & Health,48.99,74
